total_p05_acft,total_p25_acft,total_p50_acft,total_p75_acft,total_p95_acft,total_mean_acft
15428.336241724552,18389.23589280325,21383.103284492103,25791.68565647125,37549.294822409734,23320.571250755132
